{
  "version": 1,
  "author": "Anonymous maker",
  "editor": "wokwi",
  "parts": [
    { "type": "wokwi-arduino-nano", "id": "nano", "top": -9.33, "left": -68, "attrs": {} },
    {
      "type": "wokwi-led",
      "id": "led1",
      "top": 131.33,
      "left": 316.2,
      "attrs": { "color": "red" }
    },
    { "type": "wokwi-gnd", "id": "gnd1", "top": 208.14, "left": 322.74, "attrs": {} },
    {
      "type": "wokwi-lcd1602",
      "id": "lcd1",
      "top": 123.73,
      "left": -82,
      "attrs": { "pins": "i2c" }
    },
    { "type": "wokwi-relay-module", "id": "relay1", "top": -9.53, "left": 190.41, "attrs": {} },
    { "type": "wokwi-vcc", "id": "vcc2", "top": 59.04, "left": 289.07, "attrs": {} },
    { "type": "wokwi-ds1307", "id": "rtc1", "top": -160.41, "left": -9.15, "attrs": {} }
  ],
  "connections": [
    [ "gnd1:GND", "led1:C", "black", [ "v0" ] ],
    [ "vcc2:VCC", "relay1:COM", "red", [ "v19.15", "h31", "v-89.33" ] ],
    [ "relay1:NO", "led1:A", "green", [ "h53.92", "v139.76" ] ],
    [ "nano:7", "relay1:IN", "green", [ "v-39.9", "h144.63", "v73.33" ] ],
    [ "nano:GND.1", "relay1:GND", "black", [ "v7.16", "h88.5", "v-45.33", "h-2.67" ] ],
    [ "nano:5V", "relay1:VCC", "red", [ "v14.5", "h97.03", "v-62" ] ],
    [ "nano:A4", "lcd1:SDA", "#8f4814", [ "v53.83", "h-111.9", "v68" ] ],
    [ "nano:A5", "lcd1:SCL", "gold", [ "v34.5", "h-141.5", "v96" ] ],
    [ "rtc1:SCL", "nano:A5", "gold", [ "h-89.36", "v195.24", "h117.48" ] ],
    [ "rtc1:SDA", "nano:A4", "#8f4814", [ "h-101.4", "v224", "h59.22" ] ],
    [ "rtc1:5V", "nano:5V", "red", [ "h-127.88", "v248.91", "h114.59" ] ],
    [
      "rtc1:GND",
      "nano:GND.1",
      "black",
      [ "h-24.66", "v-27.47", "h148.11", "v256.6", "h-48.11" ]
    ],
    [ "lcd1:GND", "nano:GND.1", "black", [ "h-65.17", "v-61.64", "h222.64" ] ],
    [ "nano:5V", "lcd1:VCC", "red", [ "v65.55", "h-143.87", "v48.11" ] ]
  ],
  "dependencies": {}
}